<?xml version="1.0" encoding="utf-8"?><feed xmlns="http://www.w3.org/2005/Atom" ><generator uri="https://jekyllrb.com/" version="4.2.1">Jekyll</generator><link href="/feed.xml" rel="self" type="application/atom+xml" /><link href="/" rel="alternate" type="text/html" /><updated>2021-12-08T15:07:35+05:00</updated><id>/feed.xml</id><title type="html">Your awesome title</title><subtitle>Write an awesome description for your new site here. You can edit this line in _config.yml. It will appear in your document head meta (for Google search results) and in your feed.xml site description.</subtitle><entry><title type="html">Digital Inclusion within Health Sector</title><link href="/2021/11/30/digital-inclusion.html" rel="alternate" type="text/html" title="Digital Inclusion within Health Sector" /><published>2021-11-30T00:00:00+05:00</published><updated>2021-11-30T00:00:00+05:00</updated><id>/2021/11/30/digital-inclusion</id><content type="html" xml:base="/2021/11/30/digital-inclusion.html">&lt;p&gt;&lt;img style=&quot;border-radius: 15px;     height: 420px;     min-height: 320px;     background-color: transparent;  display: block;   margin-left: auto;   margin-right: auto;&quot; src=&quot;/assets/images/sehatExpressNewsPic.PNG&quot; alt=&quot;Tech&quot; title=&quot;A cute kitten&quot; /&gt;&lt;/p&gt;

&lt;h2 id=&quot;digital-health-transformation-in-nih-transforming-the-health-sector-from-a-new-perspective&quot;&gt;DIGITAL HEALTH TRANSFORMATION IN NIH: Transforming the Health Sector from a new perspective.&lt;/h2&gt;

&lt;p&gt;Like our lives, healthcare has become more matted with technology, the provider attempting the digital transformations are bound to be coming up against as the number of challenges and questions. While conferences, white papers and the expertise of the institute are all the best ways to gather the insights on how to best pursue the transformations&lt;/p&gt;</content><author><name></name></author><summary type="html"></summary></entry><entry><title type="html">Sehat Express Launch</title><link href="/2021/11/29/sehat-express-launch.html" rel="alternate" type="text/html" title="Sehat Express Launch" /><published>2021-11-29T00:00:00+05:00</published><updated>2021-11-29T00:00:00+05:00</updated><id>/2021/11/29/sehat-express-launch</id><content type="html" xml:base="/2021/11/29/sehat-express-launch.html">&lt;p&gt;&lt;img src=&quot;/assets/images/sehatExpressNewsPic.PNG&quot; alt=&quot;Kitten&quot; title=&quot;A cute kitten&quot; width=&quot;150&quot; height=&quot;100&quot; /&gt;&lt;/p&gt;
&lt;h1 id=&quot;hello-g&quot;&gt;hello g&lt;/h1&gt;

&lt;h2 id=&quot;mein-to-jurmana-hogayya-hon&quot;&gt;mein to jurmana hogayya hon&lt;/h2&gt;</content><author><name></name></author><summary type="html">hello g</summary></entry><entry><title type="html">Transforming the Health Sector</title><link href="/2021/11/26/sehat-express.html" rel="alternate" type="text/html" title="Transforming the Health Sector" /><published>2021-11-26T00:00:00+05:00</published><updated>2021-11-26T00:00:00+05:00</updated><id>/2021/11/26/sehat-express</id><content type="html" xml:base="/2021/11/26/sehat-express.html">&lt;h1 id=&quot;hello-g&quot;&gt;hello g&lt;/h1&gt;

&lt;h2 id=&quot;mein-to-jurmana-hogayya-hon&quot;&gt;mein to jurmana hogayya hon&lt;/h2&gt;</content><author><name></name></author><summary type="html">hello g</summary></entry><entry><title type="html">Tech Website</title><link href="/2021/11/23/jurmana.html" rel="alternate" type="text/html" title="Tech Website" /><published>2021-11-23T00:00:00+05:00</published><updated>2021-11-23T00:00:00+05:00</updated><id>/2021/11/23/jurmana</id><content type="html" xml:base="/2021/11/23/jurmana.html">&lt;h1 id=&quot;hello-g&quot;&gt;hello g&lt;/h1&gt;

&lt;h2 id=&quot;mein-to-jurmana-hogayya-hon&quot;&gt;mein to jurmana hogayya hon&lt;/h2&gt;</content><author><name></name></author><summary type="html">hello g</summary></entry></feed>